Terminal Name,ID,Number of Docks,Name
001023,1,19,"River Street , Clerkenwell"
001018,2,37,"Phillimore Gardens, Kensington"
001012,3,32,"Christopher Street, Liverpool Street"
001013,4,23,"St. Chad's Street, King's Cross"
003420,5,27,"Sedding Street, Sloane Square"
003424,6,18,"Broadcasting House, Marylebone"
003422,7,16,"Charlbert Street, St. John's Wood"
003423,8,39,"Maida Vale, Maida Vale"
001015,9,19,"New Globe Walk, Bankside"
001024,10,18,"Park Street, Bankside"
001022,11,24,"Brunswick Square, Bloomsbury"
000980,12,49,"Malet Street, Bloomsbury"
000970,13,21,"Scala Street, Fitzrovia"
001011,14,45,"Argyle Street, Kings Cross"
000988,15,26,"Great Russell Street, Bloomsbury"
001010,16,21,"Cartwright Gardens , Bloomsbury"
001008,17,26,"Hatton Wall, Holborn"
001007,18,27,"Drury Lane, Covent Garden"
001009,19,30,"Taviton Street, Bloomsbury"
000993,20,28,"Drummond Street , Euston"
003426,21,26,"Lansdowne Drive, Hackney Central"
003425,22,19,"Northington Street , Holborn"
003421,23,16,"Red Lion Square, Holborn"
000981,24,35,"British Museum, Bloomsbury"
001004,25,50,"Doric Way , Somers Town"
001019,26,21,"Ampton Street , Clerkenwell"
001021,27,33,"Bouverie Street, Temple"
001025,28,19,"Bolsover Street, Fitzrovia"
001016,29,22,"Hereford Road, Bayswater"
001029,30,24,"Windsor Terrace, Hoxton"
003427,31,36,"Fanshaw Street, Hoxton"
001020,32,43,"Leonard Circus , Shoreditch"
003430,33,18,"Central House, Aldgate"
003428,34,16,"Pancras Road, King's Cross"
003446,36,28,"De Vere Gardens, Kensington"
003444,37,17,"Penywern Road, Earl's Court"
003442,38,17,"Abingdon Villas, Kensington"
003445,39,41,"Shoreditch High Street, Shoreditch"
001083,40,16,"Commercial Street, Shoreditch"
001084,41,24,"Pindar Street, Liverpool Street"
000979,42,28,"Wenlock Road , Hoxton"
001036,43,18,"Crawford Street, Marylebone"
001034,44,21,"Bruton Street, Mayfair"
001035,45,26,"Boston Place, Marylebone"
001031,46,16,"Nesham Street, Wapping"
001027,47,19,"Warwick Avenue Station, Maida Vale"
000971,48,25,"Godliman Street, St. Paul's"
003437,49,16,"Curzon Street, Mayfair"
001054,50,27,"East Road, Hoxton"
000986,51,29,"Finsbury Library , Finsbury"
001026,52,18,"Roscoe Street, St. Luke's"
003431,53,18,"Grafton Street, Mayfair"
000967,54,27,"Golden Lane, Barbican"
000984,55,33,"Finsbury Circus, Liverpool Street"
001033,56,16,"Paddington Street, Marylebone"
000974,57,32,"Guilford Street , Bloomsbury"
001032,58,20,"New Inn Yard, Shoreditch"
001030,60,18,"Lisson Grove, St. John's Wood"
001017,61,33,"Great Dover Street, The Borough"
000990,62,24,"Cotton Garden Estate, Kennington"
000989,63,27,"Murray Grove , Hoxton"
001028,64,26,"William IV Street, Strand"
000969,65,17,"Gower Place , Euston"
000982,66,40,"Holborn Circus, Holborn"
000985,67,28,"Hatton Garden, Holborn"
000975,68,26,"Theobald's Road , Holborn"
000983,69,24,"Euston Road, Euston"
001066,70,24,"Calshot Street , King's Cross"
001074,71,34,"Newgate Street , St. Paul's"
003432,72,16,"Farringdon Lane, Clerkenwell"
001064,73,34,"Old Street Station, St. Luke's"
001000,74,17,"Vauxhall Cross, Vauxhall"
001060,75,19,"Torrens Street, Angel"
000976,76,21,"Longford Street, The Regent's Park"
000978,77,26,"Russell Square Station, Bloomsbury"
003433,78,17,"Sadlers Sports Centre, Finsbury"
003455,79,18,"Arundel Street, Temple"
003448,80,45,"Webber Street , Southwark"
003450,81,19,"Great Titchfield Street, Fitzrovia"
003452,83,21,"Panton Street, West End"
003449,84,25,"Breams Buildings, Holborn"
000994,85,41,"Tanner Street, Bermondsey"
003434,86,24,"Sancroft Street, Vauxhall"
001006,88,25,"Bayley Street , Bloomsbury"
003439,89,19,"Tavistock Place, Bloomsbury"
001038,90,27,"Harrington Square 1, Camden Town"
001076,91,20,"Walnut Tree Walk, Vauxhall"
001082,92,41,"Borough Road, Elephant & Castle"
002586,93,37,"Cloudesley Road, Angel"
001070,94,28,"Bricklayers Arms, Borough"
001065,95,15,"Aldersgate Street, Barbican"
001047,96,26,"Falkirk Street, Hoxton"
003447,97,18,"Gloucester Road (North), Kensington"
000972,98,54,"Hampstead Road, Euston"
001085,99,16,"Old Quebec Street, Marylebone"
001059,100,24,"Albert Embankment, Vauxhall"
000999,101,22,"Queen Street 1, Bank"
001045,102,17,"Jewry Street, Aldgate"
003441,103,18,"Vicarage Gate, Kensington"
000991,104,34,"Crosswall, Tower"
001041,105,26,"Westbourne Grove, Bayswater"
001042,106,21,"Woodstock Street, Mayfair"
001049,107,20,"Finsbury Leisure Centre, St. Luke's"
003429,108,29,"Abbey Orchard Street, Westminster"
001052,109,57,"Soho Square , Soho"
001055,110,17,"Wellington Road, St. John's Wood"
001037,111,28,"Park Lane , Hyde Park"
003435,113,19,"Gloucester Road (Central), South Kensington"
001050,114,22,"Park Road (Baker Street), The Regent's Park"
001062,115,34,"Braham Street, Aldgate"
000995,116,21,"Little Argyll Street, West End"
000998,117,25,"Lollard Street, Vauxhall"
003457,118,13,"Rochester Row, Westminster"
000964,119,18,"Bath Street, St. Luke's"
001044,120,17,"The Guildhall, Guildhall"
001086,121,22,"Baker Street, Marylebone"
001068,122,23,"Norton Folgate, Liverpool Street"
000992,123,18,"St. John Street, Finsbury"
000996,125,21,"Borough High Street, The Borough"
001043,126,52,"Museum of London, Barbican"
001063,127,17,"Wood Street, Guildhall"
001116,128,22,"Emperor's Gate, South Kensington"
003451,129,18,"Golden Square, Soho"
001071,130,24,"Tower Gardens , Tower"
001005,131,16,"Eversholt Street , Camden Town"
000973,132,38,"Bethnal Green Road, Shoreditch"
003436,133,18,"Derry Street, Kensington"
001039,134,20,"Wapping High Street, Wapping"
001053,135,21,"Clerkenwell Green, Clerkenwell"
001048,136,32,"Queen Victoria Street, St. Paul's"
003464,138,19,"Green Street, Mayfair"
001078,139,18,"Lambeth Road, Vauxhall"
001056,140,33,"Finsbury Square , Moorgate"
001003,141,29,"Chapel Place, Marylebone"
001001,142,24,"West Cromwell Road, Earl's Court"
001114,143,24,"Pont Street, Knightsbridge"
001093,144,47,"Kennington Cross, Kennington"
001115,145,24,"Ilchester Place, Kensington"
001046,146,35,"Vauxhall Bridge , Pimlico"
003456,147,16,"Portugal Street, Holborn"
000965,148,16,"Tachbrook Street, Victoria"
001073,149,18,"Kennington Road Post Office, Oval"
001002,150,28,"Holy Trinity Brompton, Knightsbridge"
001120,151,26,"Chepstow Villas, Notting Hill"
001118,152,21,"Hampton Street, Walworth"
001096,153,27,"Bayswater Road, Hyde Park"
001072,154,35,"Waterloo Station 3, Waterloo"
001121,155,19,"Lexham Gardens, Kensington"
000966,156,33,"New Kent Road, The Borough"
001094,157,37,"Wright's Lane, Kensington"
001113,158,18,"Trebovir Road, Earl's Court"
003458,160,20,"Waterloo Place, St. James's"
003478,161,16,"Guildhouse Street, Victoria"
001123,162,20,"Southampton Place, Holborn"
003461,163,27,"Sloane Avenue, Knightsbridge"
001178,164,16,"Cleveland Gardens, Bayswater"
002585,165,15,"Orsett Terrace, Bayswater"
001177,166,27,"Seville Street, Knightsbridge"
003465,167,19,"Eccleston Place, Victoria"
003463,168,19,"Argyll Road, Kensington"
003477,169,18,"Porchester Place, Paddington"
001057,170,30,"Hardwick Street, Clerkenwell"
003459,171,14,"Collingham Gardens, Earl's Court"
001124,172,19,"Sumner Place, South Kensington"
001176,173,15,"Waterloo Road, South Bank"
000997,175,51,"Worship Street, Shoreditch"
001173,176,23,"Gloucester Terrace, Bayswater"
001122,177,25,"Ashley Place, Victoria"
003460,178,19,"Warwick Square, Pimlico"
001126,180,17,"North Audley Street, Mayfair"
003473,181,21,"Belgrave Square, Belgravia"
001166,182,18,"Bell Street , Marylebone"
001165,183,24,"Riverlight North, Nine Elms"
001164,184,34,"Portland Place, Marylebone"
001174,185,14,"Alderney Street, Pimlico"
001167,186,16,"South Wharf Road, Paddington"
001172,187,25,"Queen's Gate (South), South Kensington"
001104,189,18,"Claremont Square, Angel"
001106,190,21,"Rampayne Street, Pimlico"
001075,191,36,"Hyde Park Corner, Hyde Park"
001163,192,16,"Wardour Street, Soho"
000963,193,49,"Bankside Mix, Bankside"
000960,194,56,"Hop Exchange, The Borough"
000959,195,30,"Milroy Walk, South Bank"
000961,196,17,"Union Street, The Borough"
000962,197,27,"Stamford Street, South Bank"
001080,199,24,"Great Tower Street, Monument"
001105,200,14,"LMU Commercial Road, Whitechapel"
001162,201,16,"Dorset Square, Marylebone"
001102,202,37,"Leman Street, Aldgate"
001040,203,15,"West Smithfield Rotunda, Farringdon"
003468,204,19,"Margery Street, Clerkenwell"
001171,206,36,"New Road 1 , Whitechapel"
001169,207,18,"Grosvenor Crescent, Belgravia"
001175,208,20,"Mallory Street, Marylebone"
003454,209,30,"Denyer Street, Knightsbridge"
003476,210,21,"Hinde Street, Marylebone"
003469,211,34,"Cadogan Place, Knightsbridge"
003487,212,17,"Campden Hill Road, Notting Hill"
001109,213,36,"Wellington Arch, Hyde Park"
001079,214,32,"Endsleigh Gardens, Euston"
001092,215,54,"Moorfields, Moorgate"
003479,216,30,"Old Brompton Road, South Kensington"
002587,217,16,"Wormwood Street, Liverpool Street"
003486,218,20,"St. Luke's Church, Chelsea"
001183,219,29,"Bramham Gardens, Earl's Court"
001179,220,15,"Chelsea Green, Chelsea"
001170,221,16,"Horseferry Road, Westminster"
001101,222,43,"Knightsbridge, Hyde Park"
003481,223,24,"Rodney Road , Walworth"
001150,224,17,"Queensway, Kensington Gardens"
001182,225,30,"Notting Hill Gate Station, Notting Hill"
003488,226,24,"Charles II Street, West End"
003470,227,23,"Great Percy Street, Clerkenwell"
001067,228,40,"St. James's Square, St. James's"
001151,229,46,"Whitehall Place, Strand"
001144,230,31,"Poured Lines, Bankside"
001089,231,31,"Queen's Gate (Central), South Kensington"
001139,232,16,"Carey Street, Holborn"
001153,233,22,"Pall Mall East, West End"
001081,234,24,"Liverpool Road (N1 Centre), Angel"
001154,235,36,"Kennington Road, Vauxhall"
003483,236,30,"Fashion Street, Whitechapel"
003467,237,30,"Dock Street, Wapping"
001099,238,32,"Frampton Street, Paddington"
001090,239,26,"Warren Street Station, Euston"
003472,240,14,"Colombo Street, Southwark"
003482,242,23,"Beaumont Street, Marylebone"
001103,243,25,"Gloucester Street, Pimlico"
001145,244,18,"Earnshaw Street , Covent Garden"
001140,245,29,"Grosvenor Road, Pimlico"
001159,246,41,"Berry Street, Clerkenwell"
001091,247,50,"St. John's Wood Church, The Regent's Park"
001088,248,27,"Triangle Car Park, Hyde Park"
001137,249,42,"Harper Road, The Borough"
003440,250,10,"Royal Avenue 1, Chelsea"
001161,251,34,"Brushfield Street, Liverpool Street"
001051,253,30,"Shoreditch Park, Hoxton"
003471,254,18,"Chadwell Street, Angel"
001147,255,22,"Clifton Road, Maida Vale"
003484,256,15,"Houghton Street, Strand"
001194,257,16,"Westminster University, Marylebone"
001193,258,23,"Kensington Gore, Knightsbridge"
001180,259,16,"Bourne Street, Belgravia"
003489,260,18,"Broadwick Street, Soho"
003491,261,16,"Princes Square, Bayswater"
001095,262,35,"LSBU (Borough Road), Elephant & Castle"
001184,263,21,"St. Mary Axe, Aldgate"
001146,264,20,"Tysoe Street, Clerkenwell"
003490,265,17,"Southwick Street, Paddington"
001204,266,41,"Queen's Gate (North), Kensington"
001155,267,22,"Regency Street, Westminster"
001087,268,29,"Belgrave Road, Victoria"
001209,269,46,"Empire Square, The Borough"
001190,270,31,"Kennington Lane Rail Bridge, Vauxhall"
001136,271,32,"London Zoo,  The Regent's Park"
001133,272,22,"Baylis Road, Waterloo"
001186,273,38,"Belvedere Road 1, South Bank"
001134,274,36,"Warwick Road, Olympia"
001191,275,19,"Barbican Centre, Barbican"
001098,276,24,"Lower Thames Street, Monument"
001143,277,17,"Kensington Church Street, Kensington"
001142,278,27,"Tooley Street, Bermondsey"
003462,280,10,"Royal Avenue 2, Chelsea"
003480,281,18,"Smith Square, Westminster"
001077,282,42,"Royal London Hospital, Whitechapel"
001141,283,16,"Kingsway, Covent Garden"
001117,284,20,"Lambeth North Station, Waterloo"
001187,286,35,"St. John's Wood Road, St. John's Wood"
001156,287,23,"Bedford Way, Bloomsbury"
001138,288,34,"Elizabeth Bridge, Victoria"
003493,289,15,"South Audley Street, Mayfair"
003496,290,20,"St Mary's Hospital, Paddington"
001135,291,32,"Claverton Street, Pimlico"
001206,292,16,"Montpelier Street, Knightsbridge"
001214,293,25,"Kensington Olympia Station, Olympia"
001195,294,16,"St. George's Square, Pimlico"
001216,295,27,"Swan Street, The Borough"
200069,296,18,"Knaresborough Place, Earl's Court"
003498,297,17,"Geraldine Street, Elephant & Castle"
001213,298,21,"Curlew Street, Shad Thames"
001196,299,19,"Vincent Square, Westminster"
001217,300,18,"Serpentine Car Park, Hyde Park"
001152,301,24,"Marylebone Lane, Marylebone"
003492,302,28,"Putney Pier, Wandsworth"
001132,303,34,"Albert Gate, Hyde Park"
003497,306,16,"Rathbone Street, Fitzrovia"
001157,307,24,"Black Lion Gate, Kensington Gardens"
001189,308,20,"Long Lane , Bermondsey"
001192,309,41,"Embankment (Savoy), Strand"
001205,310,19,"Black Prince Road, Vauxhall"
003494,311,24,"Foley Street, Fitzrovia"
001130,312,20,"Grove End Road, St. John's Wood"
003495,313,38,"Wells Street, Fitzrovia"
003485,314,36,"Tyers Gate, Bermondsey"
001199,315,16,"The Tennis Courts, The Regent's Park"
000968,316,21,"Warwick Row, Westminster"
001208,317,32,"Dickens Square, Borough"
001197,318,18,"Sackville Street, Mayfair"
003500,319,21,"Baldwin Street, St. Luke's"
001148,320,26,"Queen Mother Sports Centre, Victoria"
002637,321,24,"Bermondsey Street, Bermondsey"
003502,322,26,"Palissy Street, Shoreditch"
003501,323,24,"Clifton Street, Shoreditch"
001200,324,15,"Ontario Street, Elephant & Castle"
001158,325,18,"St. Martin's Street, West End"
001131,326,26,"Graham Street, Angel"
001128,327,21,"Westbourne Green, Westbourne"
002641,328,22,"New North Road 2, Hoxton"
002636,329,24,"Prince Albert Road, The Regent's Park"
001203,330,34,"Eastbourne Mews, Paddington"
001211,331,30,"Bunhill Row, Moorgate"
001210,332,20,"Nevern Place, Earl's Court"
002633,333,37,"Palace Gardens Terrace, Notting Hill"
002635,334,10,"Concert Hall Approach 1, South Bank"
001207,335,33,"Tavistock Street, Covent Garden"
001212,336,18,"Concert Hall Approach 2, South Bank"
002589,337,16,"Pembridge Villas, Notting Hill"
001202,338,24,"Wellington Street , Strand"
001127,339,25,"Risinghill Street, Angel"
001201,340,16,"Bank of England Museum, Bank"
001160,341,23,"Craven Street, Strand"
001188,343,36,"London Zoo Car Park, The Regent's Park"
001218,345,33,"Flood Street, Chelsea"
001219,347,17,"Lower Marsh, Waterloo"
010627,348,17,"Grosvenor Square, Mayfair"
001221,349,18,"St. George Street, Mayfair"
001231,350,21,"Queen's Gate, Kensington Gardens"
001226,351,28,"Macclesfield Rd, St Lukes"
001224,352,19,"Vauxhall Street, Vauxhall"
010623,353,17,"Greycoat Street , Westminster"
001097,354,37,"Northumberland Avenue, Strand"
002694,355,21,"Clapham Common Station, Clapham Common"
002685,356,15,"South Kensington Station, South Kensington"
002691,357,30,"Howland Street, Fitzrovia"
001229,358,20,"High Holborn , Covent Garden"
002662,359,18,"Butler Place, Westminster"
002666,360,27,"Howick Place, Westminster"
002692,361,55,"Waterloo Station 2, Waterloo"
002686,362,57,"Royal College Street, Camden Town"
003507,364,32,"Store Street, Bloomsbury"
002690,365,47,"City Road, Angel"
001230,366,27,"Millennium Hotel, Mayfair"
002680,367,16,"Harrowby Street, Marylebone"
002681,368,25,"Harriet Street, Knightsbridge"
002670,370,20,"Paddington Green, Paddington"
002639,371,22,"King Edward Walk, Waterloo"
002649,372,24,"Sardinia Street, Holborn"
003499,373,18,"Prince Consort Road, Knightsbridge"
002696,374,36,"Waterloo Station 1, Waterloo"
010632,375,18,"Kensington Town Hall, Kensington"
002683,376,24,"Millbank Tower, Pimlico"
002648,377,15,"Waterloo Bridge, South Bank"
002677,378,42,"Natural History Museum, South Kensington"
002682,379,21,"Turquoise Island, Notting Hill"
003506,380,21,"Stanhope Gate, Mayfair"
002669,381,14,"Charlotte Street, Fitzrovia"
002678,382,15,"Farm Street, Mayfair"
002660,383,18,"Frith Street, Soho"
003505,384,15,"Marloes Road, Kensington"
003504,386,16,"Moor Street, Soho"
002703,387,30,"Fire Brigade Pier, Vauxhall"
001228,388,14,"Southampton Street, Strand"
010621,389,18,"Upper Grosvenor Street, Mayfair"
001223,390,41,"Buxton Street 1, Shoreditch"
002688,391,17,"Clifford Street, Mayfair"
001220,392,21,"Imperial College, Knightsbridge"
002699,393,15,"Snow Hill, Farringdon"
002698,394,18,"Aberdeen Place, St. John's Wood"
002695,395,15,"Cadogan Gardens, Chelsea"
002693,396,16,"Shouldham Street, Marylebone"
001227,397,16,"Devonshire Terrace, Bayswater"
010631,398,30,"Holland Park, Kensington"
002687,399,24,"Brick Lane Market, Shoreditch"
001225,400,27,"George Street, Marylebone"
002701,401,24,"Columbia Road, Shoreditch"
010625,402,15,"Penfold Street, Marylebone"
010630,403,16,"George Place Mews, Marylebone"
001110,404,13,"Palace Gate, Kensington Gardens"
001107,405,15,"Gloucester Road Station, South Kensington"
001129,408,24,"Sun Street, Liverpool Street"
010624,409,41,"Strata, Elephant & Castle"
001058,410,64,"Edgware Road Station, Marylebone"
010629,411,19,"Rotherhithe Roundabout, Rotherhithe"
010628,412,17,"Cleaver Street, Kennington"
022160,419,15,"Chelsea Bridge, Pimlico"
022163,421,45,"Southwark Station 2, Southwark"
022164,423,31,"Eaton Square (South), Belgravia"
022159,424,29,"Ebury Bridge, Pimlico"
022161,426,17,"Vincent Street, Pimlico"
022180,427,43,"Cheapside, Bank"
022179,428,20,"Exhibition Road, Knightsbridge"
022182,430,18,"South Parade, Chelsea"
022183,431,20,"Crinan Street, King's Cross"
022158,432,13,"Exhibition Road Museums 1, South Kensington"
022169,433,33,"Wren Street, Holborn"
022170,435,23,"Kennington Station, Kennington"
022171,436,36,"Red Lion Street, Holborn"
200056,437,27,"Vauxhall Walk, Vauxhall"
200053,439,22,"Killick Street, King's Cross"
200032,440,33,"Kennington Oval, Oval"
200039,441,24,"Sail Street, Vauxhall"
200035,442,24,"Walmer Road, Avondale"
200033,443,30,"Philpot Street, Whitechapel"
200047,444,24,"Bethnal Green Garden, Bethnal Green"
200003,445,28,"Cheshire Street, Bethnal Green"
200042,446,27,"York Hall, Bethnal Green"
200054,447,54,"Jubilee Crescent, Cubitt Town"
022165,448,36,"Fisherman's Walk West, Canary Wharf"
200020,449,35,"Shadwell Station, Shadwell"
200002,450,28,"Jubilee Street, Stepney"
200021,451,16,"Hermitage Court, Wapping"
200049,452,24,"St. Katharine's Way, Tower"
200045,453,24,"Garnet Street, Shadwell"
200046,454,20,"Napier Avenue, Millwall"
200031,455,17,"East Ferry Road, Cubitt Town"
200118,456,33,"Parkway, Camden Town"
200016,457,29,"Castlehaven Road, Camden Town"
200034,458,28,"Wapping Lane, Wapping"
200014,459,17,"Gunmakers Lane, Old Ford"
200123,460,33,"Burdett Road, Mile End"
200013,461,26,"Aston Street, Stepney"
200105,462,45,"Bonny Street, Camden Town"
200093,463,22,"Thurtle Road, Haggerston"
200082,464,25,"St. Mary & St. Michael Church, Stepney"
200152,465,28,"Pitfield Street North,Hoxton"
200158,466,21,"Whiston Road, Haggerston"
200168,467,17,"Southern Grove, Bow"
200150,468,24,"Cantrell Road, Bow"
022178,469,44,"Lindfield Street, Poplar"
200174,470,46,"Mostyn Grove, Bow"
200006,471,19,"Hewison Street, Old Ford"
200019,472,21,"Malmesbury Road, Bow"
022167,473,19,"Millharbour, Millwall"
200155,474,20,"Gascoyne Road, Victoria Park"
200004,475,31,"Lightermans Road, Millwall"
200009,476,29,"Stebondale Street, Cubitt Town"
200018,477,36,"Spindrift Avenue, Millwall"
200012,478,21,"Stepney Green Station, Stepney"
200156,479,20,"Pott Street, Bethnal Green"
200115,480,25,"Flamborough Street, Limehouse"
200022,481,35,"Saunders Ness Road, Cubitt Town"
200052,482,14,"Exhibition Road Museums 2, South Kensington"
022166,483,33,"Albert Gardens, Stepney"
022172,484,24,"Bromley High Street, Bow"
022173,485,24,"Old Ford Road, Bethnal Green"
022174,486,37,"Granby Street, Shoreditch"
022175,487,23,"Canton Street, Poplar"
022176,488,22,"Reardon Street, Wapping"
022177,489,34,"Christian Street, Whitechapel"
200090,490,45,"Pennington Street, Wapping"
200249,491,45,"Queen Mary's, Mile End"
200230,492,39,"Maplin Street, Mile End"
200233,494,36,"South Quay East, Canary Wharf"
200252,495,39,"Bow Church Station, Bow"
200255,496,39,"Devons Road, Bow"
200242,497,27,"Merchant Street, Bow"
200251,498,42,"Bow Road Station, Bow"
200011,499,36,"Furze Green, Bow"
200148,500,41,"Ansell House, Stepney"
200073,501,24,"Cephas Street, Bethnal Green"
200241,502,21,"Bonner Gate, Victoria Park"
200250,503,36,"Cleveland Way, Stepney"
200243,504,30,"St. John's Park, Cubitt Town"
200038,505,29,"Ackroyd Drive, Bow"
200036,506,23,"Bell Lane, Liverpool Street"
200131,507,31,"Clarkson Street, Bethnal Green"
200157,508,18,"Fournier Street, Whitechapel"
200253,509,19,"Fore Street Avenue, Guildhall"
200238,510,41,"Westferry DLR, Limehouse"
200256,511,33,"Sutton Street, Shadwell"
200083,512,30,"Pritchard's Road, Bethnal Green"
200008,514,17,"Portman Square, Marylebone"
200080,515,24,"Russell Gardens, Olympia"
200089,516,18,"Chrisp Street Market, Poplar"
200027,517,18,"Ford Road, Old Ford"
200041,518,30,"Antill Road, Mile End"
200254,519,33,"Teviot Street, Poplar"
200234,520,21,"Bancroft Road, Bethnal Green"
200030,521,19,"Driffield Road, Old Ford"
200161,522,36,"Clinton Road, Mile End"
200160,523,24,"Langdon Park, Poplar"
200017,524,38,"Lancaster Gate , Bayswater"
200153,525,24,"Blythe Road, Olympia"
200143,526,27,"Lancaster Drive, Blackwall"
200154,527,20,"Hansard Mews, Holland Park"
200088,528,16,"Clarges Street, Mayfair"
200010,529,18,"Manresa Road, Chelsea"
200146,530,18,"Newby Place, Poplar"
200167,531,21,"Twig Folly Bridge, Mile End"
200163,532,63,"Jubilee Plaza, Canary Wharf"
200165,533,33,"Wellington Row, Bethnal Green"
200159,534,27,"Goldsmith's Row, Haggerston"
200145,535,24,"Gloucester Avenue, Camden Town"
200024,536,35,"Queensbridge Road, Haggerston"
200239,537,18,"Old Montague Street, Whitechapel"
200050,538,21,"Naval Row, Blackwall"
200151,539,22,"Hoxton Station, Hoxton"
200134,540,27,"Albany Street, The Regent's Park"
200096,541,28,"Green Park Station, Mayfair"
200147,542,33,"Salmon Lane, Limehouse"
200065,543,21,"Lansdowne Walk, Ladbroke Grove"
200051,544,22,"Percival Street, Finsbury"
200070,545,24,"Arlington Road, Camden Town"
200044,546,21,"New Fetter Lane, Holborn"
200127,547,51,"East India DLR, Blackwall"
200076,548,26,"Westminster Bridge Road, Elephant & Castle"
200132,549,45,"Gaywood  Street, Elephant & Castle"
200102,550,23,"Harford Street, Mile End"
200066,551,39,"Import Dock, Canary Wharf"
200149,552,27,"Watney Street, Shadwell"
200064,553,24,"Regent's Row , Haggerston"
200078,554,16,"Aberfeldy Street, Poplar"
200138,556,27,"Heron Quays DLR, Canary Wharf"
200203,557,20,"King Edward Street, St Pauls"
200048,558,24,"Page Street, Westminster"
200111,559,24,"Abbotsbury Road, Holland Park"
200015,560,21,"Ladbroke Grove Central, Ladbroke Grove"
200037,561,22,"Rectory Square, Stepney"
200074,562,21,"Bury Place, Holborn"
200232,563,26,"Preston's Road, Cubitt Town"
200068,564,41,"Somerset House, Strand"
200135,565,17,"Selby Street, Whitechapel"
200141,566,42,"Westfield Ariel Way, White City"
200110,568,18,"Bishop's Bridge Road West, Bayswater"
200248,569,30,"Pitfield Street Central, Hoxton"
200099,570,36,"Upper Bank Street, Canary Wharf"
200061,571,29,"Westfield Southern Terrace ,Shepherd's Bush"
200026,572,36,"Greenland Road, Camden Town"
200001,573,18,"Limerston Street, West Chelsea"
200246,574,45,"Eagle Wharf Road, Hoxton"
200109,576,23,"Alpha Grove, Millwall"
200247,577,20,"Globe Town Market, Bethnal Green"
200244,578,32,"Hollybush Gardens, Bethnal Green"
200128,579,36,"Queen Street 2, Bank"
200084,580,36,"Doddington Grove, Kennington"
200231,583,20,"Abingdon Green, Westminster"
200086,584,21,"Ilchester Gardens, Bayswater"
200092,586,31,"Mudchute DLR, Cubitt Town"
200101,587,22,"Monument Street, Monument"
200071,588,27,"Hoxton Street, Hoxton"
200060,589,18,"Drayton Gardens, West Chelsea"
200236,590,26,"Greenberry Street, St.John's Wood"
200227,591,27,"Westfield Library Corner, Shepherd's Bush"
200108,592,20,"Bishop's Bridge Road East, Bayswater"
200058,593,21,"Northdown Street, King's Cross"
200226,594,33,"Kingsway Southbound, Strand"
200142,595,22,"Hammersmith Road, Hammersmith"
200237,596,21,"Parson's Green , Parson's Green"
200229,597,27,"Fulham Park Road, Fulham"
200166,598,38,"Southerton Road, Hammersmith"
200235,599,28,"Manbre Road, Hammersmith"
200133,600,21,"South Lambeth Road, Vauxhall"
200136,601,36,"BBC White City, White City"
200211,602,45,"Union Grove, Wandsworth Road"
200137,603,44,"Caldwell Street, Stockwell"
200195,604,18,"St Martins Close, Camden Town"
200198,605,29,"Seymour Place, Marylebone"
200218,606,26,"Addison Road, Holland Park"
200125,607,21,"Putney Bridge Station, Fulham"
200224,608,30,"Colet Gardens, Hammersmith"
200208,609,19,"Sugden Road, Clapham"
200222,610,21,"Danvers Street, West Chelsea"
200067,611,20,"Princedale Road , Holland Park"
200175,612,30,"Wandsworth Rd, Isley Court, Wandsworth Road"
200214,613,24,"Woodstock Grove, Shepherd's Bush"
200025,614,21,"London Fields, Hackney Central"
200029,615,24,"Finlay Street, Fulham"
200098,616,24,"Aintree Street, Fulham"
200028,617,21,"Elysium Place, Fulham"
300003,618,24,"Eel Brook Common, Walham Green"
300012,619,43,"Irene Road, Parsons Green"
300010,620,28,"Surrey Lane, Battersea"
200091,621,33,"Wandsworth Town Station, Wandsworth"
200172,622,29,"Lansdowne Road, Ladbroke Grove"
200186,623,22,"Nantes Close, Wandsworth"
200173,624,40,"Courland Grove, Wandsworth Road"
200190,625,28,"Queen's Circus, Battersea Park"
300008,626,24,"Normand Park, West Kensington"
200007,627,20,"Holden Street, Battersea"
200062,628,26,"William Morris Way, Sands End"
200187,629,28,"Morie Street, Wandsworth"
200194,630,27,"Clarence Walk, Stockwell"
200183,631,27,"Battersea Park Road, Nine Elms"
200176,632,28,"Sheepcote Lane, Battersea"
200116,633,32,"Vereker Road, West Kensington"
300002,634,33,"Brook Green South, Brook Green"
200215,635,37,"Greyhound Road, Hammersmith"
200180,636,28,"South Park, Sands End"
200191,637,25,"Spencer Park, Wandsworth Common"
300014,638,28,"Falcon Road, Clapham Junction"
200179,640,28,"Silverthorne Road, Battersea"
300025,641,23,"Archbishop's Park, Waterloo"
200192,642,36,"Fawcett Close, Battersea"
300026,643,22,"All Saints' Road, Portobello"
200182,644,36,"Rainville Road, Hammersmith"
200200,645,21,"Great Suffolk Street, The Borough"
200178,646,16,"Buckingham Gate, Westminster"
200181,647,27,"Richmond Way, Shepherd's Bush"
200171,648,30,"Peterborough Road, Sands End"
300009,649,22,"World's End Place, West Chelsea"
300034,650,21,"St. Mark's Road, North Kensington"
300030,651,25,"Thorndike Close, West Chelsea"
300022,652,29,"Evesham Street, Avondale"
200196,653,25,"Simpson Street, Clapham Junction"
200223,654,34,"Ashmole Estate, Oval"
200221,655,27,"Crabtree Lane, Fulham"
200040,656,29,"Broomhouse Lane, Parsons Green"
200220,657,21,"Blythe Road West, Shepherd's Bush"
300005,658,30,"Ethelburga Estate, Battersea Park"
200212,659,35,"Blackfriars Station, St. Paul's"
300020,660,22,"West Kensington Station, West Kensington"
300023,661,37,"All Saints Church, Portobello"
200189,662,24,"Phene Street, Chelsea"
200124,663,24,"Clarendon Road, Avondale"
300013,664,24,"Austin Road, Battersea Park"
200113,665,22,"Smugglers Way, Wandsworth"
300004,666,18,"Harris Academy, Bermondsey"
200209,667,34,"Shepherd's Bush Road North, Shepherd's Bush"
300037,668,26,"Ravenscourt Park Station, Hammersmith"
300036,669,39,"Teversham Lane, Stockwell"
200169,670,28,"Ashley Crescent, Battersea"
300052,671,56,"Parsons Green Station, Parsons Green"
200206,672,24,"Chicheley Street, South Bank"
300051,673,36,"Hibbert Street, Battersea"
300035,674,40,"Carnegie Street, King's Cross"
200126,675,30,"Usk Road, Clapham Junction"
200207,676,35,"Hartington Road, Stockwell"
200023,677,27,"Heath Road, Battersea"
200170,678,30,"Esmond Street, Putney"
200114,679,26,"Orbel Street, Battersea"
200210,680,28,"Westbridge Road, Battersea"
200043,681,46,"Bishop's Avenue, Fulham"
200119,683,28,"Dorothy Road, Clapham Junction"
200188,684,32,"Neville Gill Close, Wandsworth"
200219,685,30,"Osiers Road, Wandsworth"
200097,686,26,"Beryl Road, Hammersmith"
200216,687,23,"Clements Road, Bermondsey"
200204,688,28,"Northfields, Wandsworth"
200106,689,30,"Spanish Road, Clapham Junction"
200199,690,24,"Stanley Grove, Battersea"
200184,691,24,"Erin Close, Walham Green"
200112,692,22,"Cadogan Close, Victoria Park"
300019,693,18,"Felsham Road, Putney"
300033,694,20,"Putney Rail Station, Putney"
300031,695,21,"Islington Green, Angel"
300018,696,21,"Charing Cross Hospital, Hammersmith"
200129,697,25,"Charlotte Terrace, Angel"
200121,698,35,"Shoreditch Court, Haggerston"
200057,699,39,"Belford House, Haggerston"
200201,700,25,"Battersea Church Road, Battersea"
200077,701,30,"Vicarage Crescent, Battersea"
200213,702,24,"Durant Street, Bethnal Green"
200094,703,25,"St. Bride Street, Holborn"
200063,704,18,"Mexfield Road, East Putney"
300042,705,25,"Upper Richmond Road, Putney"
200193,706,31,"Snowsfields, London Bridge"
200197,707,32,"Barons Court Station, West Kensington"
200205,709,23,"Montserrat Road , Putney"
300045,710,20,"Albert Bridge Road, Battersea Park"
300028,711,31,"Everington Street, Fulham"
300056,712,22,"Mile End Stadium, Mile End"
200122,713,22,"Hawley Crescent, Camden Town"
300055,714,28,"Stewart's Road, Wandsworth Road"
300049,715,22,"Aylward Street, Stepney"
300048,716,24,"Stainsby Road , Poplar"
300024,717,43,"Dunston Road , Haggerston"
300040,718,45,"Ada Street, Hackney Central"
300011,719,34,"Victoria Park Road, Hackney Central"
300038,720,23,"Star Road, West Kensington"
300039,721,18,"Wendon Street, Old Ford"
300041,722,19,"Finnis Street, Bethnal Green"
300053,723,48,"Stephendale Road, Sands End"
300046,724,28,"Alma Road, Wandsworth"
300050,725,24,"Walworth Square, Walworth"
300047,726,22,"Alfreda Street, Battersea Park"
300054,727,23,"Chesilton Road, Fulham"
300044,728,29,"Putney Bridge Road, East Putney"
300043,729,24,"St. Peter's Terrace, Fulham"
300082,730,18,"Bridge Avenue, Hammersmith"
300095,731,37,"Michael Road, Walham Green"
300083,732,21,"Duke Street Hill, London Bridge"
300093,733,18,"Park Lane, Mayfair"
300094,734,31,"Plough Terrace, Clapham Junction"
200120,735,28,"Grant Road East, Clapham Junction"
300088,736,28,"Queensdale Road, Shepherd's Bush"
300086,737,26,"Fulham Broadway, Walham Green"
300087,738,37,"Imperial Road, Sands End"
300091,739,28,"Hortensia Road, West Brompton"
300084,740,26,"Sirdar Road, Avondale"
300085,741,23,"Freston Road, Avondale"
300090,742,22,"Blenheim Crescent, Ladbroke Grove"
300078,743,29,"Oxford Road, Putney"
300077,744,30,"Ingrave Street, Clapham Junction"
300075,745,29,"Upcerne Road, West Chelsea"
300076,746,24,"Lots Road, West Chelsea"
300089,747,24,"Ormonde Gate, Chelsea"
300092,748,25,"Hertford Road, De Beauvoir Town"
300081,749,37,"Haggerston Road, Haggerston"
300080,750,27,"Culvert Road, Battersea"
300074,751,24,"Newton Street, Covent Garden"
300079,752,19,"London Street, Paddington"
300006,753,28,"Clapham South, Clapham South"
300067,754,24,"Grenfell Road, Avondale"
300058,755,24,"The Vale, Chelsea"
300073,756,21,"Prince of Wales Drive, Battersea Park"
300069,757,24,"Harcourt Terrace, West Brompton"
300057,758,23,"Westbourne Park Road, Portobello"
300072,759,18,"Broadley Terrace, Marylebone"
300071,760,18,"Elgin Avenue, Maida Hill"
300068,761,26,"Humbolt Road, Fulham"
200202,762,21,"Storey's Gate, Westminster"
300027,763,47,"Mile End Park Leisure Centre, Mile End"
200185,764,33,"St. John's Road, Clapham Junction"
300064,765,39,"Ranelagh Gardens, Fulham"
200079,766,25,"Ram Street, Wandsworth"
200177,767,30,"Santos Road, Wandsworth"
300065,768,37,"Clapham Common North Side, Clapham Common"
300001,769,21,"Sandilands Road, Walham Green"
300097,770,30,"Gwendwr Road, West Kensington"
300007,771,21,"Rifle Place, Avondale"
300015,772,35,"Binfield Road, Stockwell"
300096,773,24,"Tallis Street, Temple"
300098,774,20,"Hurlingham Park, Parsons Green"
300101,775,33,"Little Brook Green, Brook Green"
300100,777,21,"Limburg Road, Clapham Junction"
200072,779,28,"Houndsditch, Aldgate"
300070,780,25,"Imperial Wharf Station, Sands End"
300032,781,30,"Victoria & Albert Museum, South Kensington"
300210,782,24,"Halford Road, West Kensington"
300213,783,27,"Monier Road, Hackney Wick"
300200,784,34,"East Village, Queen Elizabeth Olympic Park"
300029,786,44,"Lee Valley VeloPark, Queen Elizabeth Olympic Park"
300227,787,35,"Timber Lodge, Queen Elizabeth Olympic Park"
300226,788,31,"Copper Box Arena, Queen Elizabeth Olympic Park"
300021,789,40,"Podium, Queen Elizabeth Olympic Park"
300234,790,28,"Stratford Station, Stratford"
300214,792,42,"Blackfriars Road, Southwark"
300205,793,28,"Cromer Street, Bloomsbury"
300204,794,23,"Victoria Rise, Clapham Common"
300203,795,30,"Euston Square Gardens, Euston"
300201,796,29,"Coram Street, Bloomsbury"
300211,797,30,"Ossulston Street, Somers Town"
300212,798,27,"Birkenhead Street, King's Cross"
300202,799,24,"Kings Gate House, Westminster"
300248,800,30,"Sopwith Way, Battersea Park"
300208,801,29,"Lavington Street, Bankside"
300209,802,32,"Albert Square, Stockwell"
300238,803,23,"Southwark Street, Bankside"
300243,804,27,"Good's Way, King's Cross"
300244,805,18,"The Metropolitan, Portobello"
300241,806,27,"Handyside Street, King's Cross"
300236,807,24,"Bevington Road West, North Kensington"
300207,808,28,"Gauden Road, Clapham"
300240,809,28,"Lincoln's Inn Fields, Holborn"
300237,810,30,"Tate Modern, Bankside"
300228,811,36,"Westferry Circus, Canary Wharf"
300217,812,28,"Here East North, Queen Elizabeth Olympic Park"
300224,813,37,"New Spring Gardens Walk, Vauxhall"
300245,814,30,"Clapham Road, Lingham Street, Stockwell"
300231,815,35,"Lambeth Palace Road, Waterloo"
300219,816,28,"Here East South, Queen Elizabeth Olympic Park"
300232,817,26,"Riverlight South, Nine Elms"
300249,818,27,"Westminster Pier, Westminster"
300246,819,38,"Belvedere Road 2, South Bank"
300239,820,24,"Victory Place, Walworth"
300221,821,27,"Battersea Power Station, Battersea Park"
300242,826,28,"Allington Street, Victoria"
300247,827,24,"Cranmer Road, Stockwell"
300225,828,32,"Normandy Road, Stockwell"
300230,829,25,"Wynne Road, Stockwell"
300229,830,27,"Sidney Road, Stockwell"
300215,831,25,"St John's Crescent, Brixton"
200240,832,30,"Ferndale Road, Brixton"
300206,833,42,"Saltoun Road, Brixton"
300216,834,26,"Gas Holders, Battersea Park"
300220,835,25,"Farringdon Street, Holborn"
300235,836,24,"York Way, Kings Cross"
300222,838,25,"Fore Street, Guildhall"
200144,839,30,"Sea Containers, South Bank"
002679,840,22,"George Row, Bermondsey"
002667,841,20,"Tower Wharf, Bermondsey"
300250,842,24,"Temple Gardens, Temple"
300252,844,35,"Canada Water Station, Rotherhithe"
300253,845,30,"Bermondsey Station, Bermondsey"
300063,846,30,"Burgess Park Albany Road, Walworth"
300062,847,24,"South Bermondsey Station, Bermondsey"
300061,849,19,"Crimscott Street, Bermondsey"
300060,850,22,"Brandon Street, Walworth"
300059,851,22,"The Blue, Bermondsey"
200081,852,27,"Coomer Place, West Kensington"
001100,857,35,"Strand, Strand"
